{
  "certifications": [
    {
      "certification": "MS-900: Microsoft 365 Certified: Fundamentals",
      "categories": [
        {
          "category": "Understand Cloud Concepts",
          "weight": "15-20%",
          "proficiency_levels": [
            "Basic",
            "Intermediate",
            "Advanced"
          ],
          "keywords": [
            "cloud computing principles",
            "SaaS",
            "PaaS",
            "IaaS",
            "benefits of cloud",
            "virtualization",
            "cloud elasticity",
            "shared responsibility model",
            "cloud migration strategies",
            "cloud consumption models",
            "on-demand computing",
            "resource pooling",
            "cloud cost models",
            "vertical scaling",
            "horizontal scaling",
            "pay-as-you-go",
            "economies of scale",
            "metered service",
            "disaster recovery",
            "high availability",
            "cloud security models",
            "cloud governance",
            "cloud compliance",
            "multi-tenant environment",
            "cloud-native applications",
            "cloud transformation",
            "infrastructure as a service",
            "platform as a service",
            "software as a service",
            "public cloud architecture",
            "private cloud architecture",
            "hybrid cloud deployment",
            "shared resources",
            "cloud automation tools",
            "auto-scaling",
            "serverless computing",
            "function-as-a-service (FaaS)",
            "cloud cost management",
            "cloud usage optimization",
            "infrastructure provisioning",
            "cloud environment setup",
            "cloud monitoring",
            "cloud logging",
            "real-time analytics",
            "cloud data storage",
            "cloud backup solutions",
            "cloud disaster recovery",
            "cloud-based apps",
            "cloud system architectures",
            "global service distribution",
            "workload balancing",
            "compute resources",
            "cloud orchestration",
            "cloud network infrastructure",
            "private networking",
            "cloud APIs",
            "cloud SDKs",
            "cloud development tools",
            "cloud service lifecycle",
            "cloud subscription services",
            "license management",
            "cloud service contracts",
            "cloud billing cycles",
            "total cost of ownership (TCO)",
            "return on investment (ROI)",
            "cloud auditing",
            "cloud management policies",
            "security compliance",
            "data residency",
            "data governance",
            "scalability testing",
            "availability zones",
            "georeplication",
            "cloud burst capacity",
            "business continuity planning",
            "application modernization",
            "cloud-first strategy",
            "cloud service brokerage",
            "cloud service portability",
            "vendor lock-in",
            "data sovereignty",
            "virtualization layers",
            "compute instances",
            "cloud metadata",
            "serverless deployment",
            "containerization",
            "orchestration engines",
            "microservices architecture",
            "distributed computing",
            "message queuing",
            "event-driven systems",
            "cloud-native platforms",
            "container orchestration",
            "enterprise mobility",
            "remote access infrastructure",
            "virtual desktops",
            "identity as a service (IDaaS)",
            "edge computing",
            "cloud proximity",
            "cost optimization models",
            "data locality solutions",
            "data replication strategies",
            "shared services model",
            "business agility",
            "resilience strategies",
            "compliance assurance",
            "capacity planning",
            "right-sizing",
            "resource orchestration",
            "cloud service economics",
            "data retention policies",
            "fault-tolerance strategies",
            "multi-cloud strategies",
            "interoperability",
            "cloud service catalogs",
            "infrastructure provisioning",
            "governance policies",
            "cloud resource tagging",
            "performance management",
            "workload optimization",
            "cloud bursting",
            "unified management platform",
            "virtual desktop infrastructure (VDI)",
            "distributed storage",
            "load balancing algorithms",
            "scalability strategies",
            "disaster recovery plans",
            "resilient cloud architectures",
            "cloud service elasticity",
            "container platforms",
            "cloud marketplaces",
            "API management platforms",
            "secure access",
            "resource scaling",
            "data migration tools",
            "infrastructure deployment",
            "compute scaling",
            "event sourcing",
            "zero downtime deployment",
            "cloud versioning",
            "orchestration platforms",
            "global infrastructure",
            "identity federation",
            "policy-based access",
            "serverless architecture",
            "cloud pricing models",
            "resource scheduling",
            "cloud platform certifications",
            "resource security",
            "resource isolation",
            "resource availability",
            "on-demand scaling",
            "hybrid cloud strategies",
            "cloud security compliance",
            "cloud service agreements",
            "SLA management",
            "capacity allocation",
            "security frameworks",
            "compliance auditing",
            "cloud KPIs",
            "cloud governance frameworks",
            "continuous integration",
            "cloud provisioning systems",
            "resource management frameworks",
            "cloud-based management tools",
            "container orchestration tools",
            "hybrid cloud management",
            "disaster resilience",
            "data compliance",
            "workload migration",
            "virtualization best practices",
            "resource allocation",
            "cost transparency",
            "chargeback systems",
            "cloud compliance automation",
            "real-time cloud analytics",
            "predictive scaling",
            "monitoring tools",
            "application lifecycle management",
            "cloud automation platforms",
            "multi-cloud management",
            "cloud-native app development",
            "cloud infrastructure deployment",
            "cloud control frameworks",
            "cloud API security",
            "data protection regulations",
            "data sovereignty policies",
            "business continuity strategies",
            "cloud management practices",
            "cloud-based innovation",
            "automated resource provisioning",
            "resource consumption models",
            "cloud resource allocation",
            "data protection guidelines",
            "disaster-proof cloud architectures",
            "infrastructure scalability",
            "scalable cloud architectures",
            "resource flexibility",
            "enterprise cloud environments",
            "cloud-based architecture frameworks",
            "data resilience",
            "data recovery systems",
            "cross-cloud integration",
            "application scalability",
            "resilient infrastructure designs",
            "infrastructure design patterns",
            "cloud performance monitoring",
            "cloud orchestration tools",
            "cross-cloud compliance",
            "infrastructure abstraction",
            "cloud abstraction layers",
            "distributed application management",
            "cloud capacity planning",
            "scalable infrastructure",
            "cloud service governance",
            "infrastructure resource planning",
            "global cloud strategies",
            "public cloud",
            "private cloud",
            "hybrid cloud",
            "cost savings",
            "scalability",
            "cloud bursting",
            "high availability",
            "multi-cloud",
            "data locality",
            "reliability",
            "cloud-native",
            "serverless",
            "cloud optimization",
            "pay-as-you-go",
            "shared responsibility",
            "economies of scale",
            "global reach",
            "cloud orchestration",
            "cloud automation",
            "cloud cost management",
            "real-time scaling",
            "resource pooling",
            "workload balancing",
            "cloud-first strategy",
            "global cloud networks",
            "regional cloud data centers",
            "distributed infrastructure",
            "cloud redundancy",
            "scalable applications",
            "application performance optimization",
            "cloud orchestration layers",
            "serverless applications",
            "resource flexibility",
            "auto-scaling",
            "vertical scaling",
            "cloud bursting strategies",
            "cloud consumption models",
            "regional redundancy",
            "cloud usage efficiency",
            "cost optimization strategies",
            "resilient infrastructure",
            "workload migration tools",
            "high-availability configurations",
            "global cloud scalability",
            "fault tolerance",
            "cloud-based disaster recovery",
            "cloud infrastructure resilience",
            "capacity planning tools",
            "cloud resource isolation",
            "resource pooling techniques",
            "cloud governance policies",
            "cloud service provisioning",
            "disaster-proof architectures",
            "multi-cloud adoption",
            "cloud adoption strategies",
            "disaster recovery testing",
            "business continuity solutions",
            "data migration policies",
            "virtualization platforms",
            "edge cloud solutions",
            "hybrid cloud platforms",
            "multi-cloud resilience",
            "orchestration frameworks",
            "cloud service management",
            "API-driven cloud automation",
            "cloud monitoring platforms",
            "cloud infrastructure planning",
            "cost governance tools",
            "on-demand scaling",
            "resource usage transparency",
            "cloud-based collaboration",
            "cloud-native architecture",
            "global cloud service management",
            "secure cloud access",
            "data residency solutions",
            "multi-cloud integration",
            "hybrid cloud integration",
            "disaster recovery plans",
            "cloud service catalogs",
            "governance automation",
            "multi-region architectures",
            "data sovereignty compliance",
            "resource abstraction",
            "resilience frameworks",
            "resource governance",
            "real-time cloud orchestration",
            "event-driven architecture",
            "API-driven infrastructure",
            "service orchestration frameworks",
            "cloud governance standards",
            "application orchestration",
            "infrastructure-as-code",
            "resource allocation strategies",
            "cloud usage reports",
            "cloud resource consumption",
            "multi-tenant cloud services",
            "workload distribution strategies",
            "application performance strategies",
            "serverless resource management",
            "resource efficiency models",
            "cloud resource elasticity",
            "cloud resource pools",
            "infrastructure-as-code solutions",
            "cloud consumption insights",
            "multi-cloud governance",
            "cloud service orchestration",
            "cloud infrastructure automation",
            "resource usage metrics",
            "global infrastructure optimization",
            "capacity management systems",
            "scalable infrastructure models",
            "disaster recovery frameworks",
            "resource usage predictions",
            "cloud usage forecasting",
            "scalable applications strategies",
            "multi-cloud resilience",
            "cloud-first deployment models",
            "enterprise cloud strategies",
            "data protection frameworks",
            "business continuity testing",
            "workload orchestration",
            "distributed resource management",
            "cloud management consoles",
            "cloud infrastructure security",
            "global cloud environments",
            "cloud optimization tools"
          ]
        },
        {
          "category": "Core Microsoft 365 Services and Concepts",
          "weight": "30-35%",
          "proficiency_levels": [
            "Basic",
            "Intermediate",
            "Advanced"
          ],
          "keywords": [
            "neural language models",
            "transformer architecture",
            "attention mechanisms",
            "bert",
            "gpt",
            "xlnet",
            "roberta",
            "t5",
            "elmo",
            "word2vec",
            "glove",
            "fasttext",
            "contextualized embeddings",
            "transfer learning in nlp",
            "fine-tuning language models",
            "few-shot learning",
            "zero-shot learning",
            "meta-learning",
            "multi-task learning",
            "cross-lingual transfer",
            "multilingual models",
            "language model compression",
            "knowledge distillation",
            "pruning",
            "quantization",
            "neural architecture search",
            "automated machine learning",
            "hyperparameter optimization",
            "data augmentation for nlp",
            "adversarial training",
            "continual learning",
            "domain adaptation",
            "active learning for nlp",
            "semi-supervised learning",
            "weak supervision",
            "distant supervision",
            "self-supervised learning",
            "contrastive learning",
            "prompt engineering",
            "in-context learning",
            "chain-of-thought prompting",
            "retrieval-augmented generation",
            "federated learning for nlp",
            "privacy-preserving nlp",
            "differential privacy",
            "homomorphic encryption",
            "secure multi-party computation",
            "explainable ai for nlp",
            "interpretable machine learning",
            "model debugging",
            "bias detection and mitigation",
            "fairness in nlp",
            "ethical ai",
            "responsible ai",
            "green ai",
            "carbon footprint of nlp models",
            "model efficiency",
            "knowledge graphs",
            "ontology learning",
            "entity linking",
            "relation extraction",
            "event extraction",
            "temporal information extraction",
            "open information extraction",
            "knowledge base population",
            "knowledge base completion",
            "question answering over knowledge graphs",
            "commonsense reasoning",
            "logical reasoning",
            "natural language inference",
            "textual entailment",
            "argument mining",
            "claim verification",
            "fact-checking",
            "stance detection",
            "sentiment analysis",
            "aspect-based sentiment analysis",
            "emotion recognition",
            "sarcasm detection",
            "irony detection",
            "humor recognition",
            "metaphor detection",
            "idiom recognition",
            "figurative language processing",
            "stylometry",
            "authorship attribution",
            "plagiarism detection",
            "text style transfer",
            "text simplification",
            "text summarization",
            "multi-document summarization",
            "query-focused summarization",
            "update summarization",
            "abstractive summarization",
            "extractive summarization",
            "controllable text generation",
            "data-to-text generation",
            "table-to-text generation",
            "graph-to-text generation",
            "image captioning",
            "visual question answering",
            "multimodal learning",
            "cross-modal retrieval",
            "vision-and-language navigation",
            "text-to-speech synthesis",
            "speech recognition",
            "speaker diarization",
            "voice conversion",
            "speech emotion recognition",
            "acoustic-to-articulatory inversion",
            "pronunciation assessment",
            "speech translation",
            "simultaneous interpretation",
            "code-switching",
            "multilingual speech processing",
            "low-resource language processing",
            "morphological analysis",
            "lemmatization",
            "stemming",
            "tokenization",
            "sentence boundary detection",
            "Microsoft 365 services",
            "Exchange Online",
            "SharePoint Online",
            "Microsoft Teams",
            "OneDrive for Business",
            "Office 365",
            "Productivity tools",
            "Collaboration solutions",
            "Outlook integration",
            "Yammer",
            "Planner",
            "Forms",
            "Power Automate",
            "Power Apps",
            "Collaboration channels",
            "Teams chat",
            "Teams meetings",
            "Teams calls",
            "Teams apps",
            "Teams security",
            "SharePoint sites",
            "Document libraries",
            "File sharing",
            "Version control",
            "Content management",
            "File synchronization",
            "Access permissions",
            "Data governance",
            "Compliance policies",
            "Security roles",
            "Conditional access",
            "Multi-factor authentication",
            "Cloud security",
            "User identity management",
            "Identity and access management",
            "Enterprise Mobility",
            "Collaboration workspaces",
            "Microsoft 365 groups",
            "Mailboxes",
            "Calendars",
            "Exchange integration",
            "Teams collaboration",
            "Shared mailboxes",
            "Shared calendars",
            "Email security",
            "Collaboration policies",
            "Planner",
            "Forms",
            "Power Automate",
            "Power Apps",
            "Collaboration channels",
            "Teams chat",
            "Teams meetings",
            "Teams calls",
            "Teams apps",
            "Teams security",
            "SharePoint sites",
            "Document libraries",
            "File sharing",
            "Version control",
            "Content management",
            "File synchronization",
            "Access permissions",
            "Data governance",
            "Compliance policies",
            "Security roles",
            "Conditional access",
            "Multi-factor authentication",
            "Cloud security",
            "User identity management",
            "Identity and access management",
            "Enterprise Mobility",
            "Collaboration workspaces",
            "Microsoft 365 groups",
            "Mailboxes",
            "Calendars",
            "Exchange integration",
            "Teams collaboration",
            "Shared mailboxes",
            "Shared calendars",
            "Email security",
            "Collaboration policies",
            "Microsoft Stream",
            "Microsoft Bookings",
            "Microsoft To-Do",
            "Microsoft Lists",
            "Microsoft Whiteboard",
            "Microsoft Sway",
            "Microsoft MyAnalytics",
            "Microsoft Delve",
            "Microsoft Power BI",
            "Microsoft Viva",
            "Microsoft Graph",
            "Azure Active Directory",
            "Intune",
            "Microsoft Defender for Office 365",
            "Microsoft Information Protection",
            "Microsoft Cloud App Security",
            "Microsoft Endpoint Manager",
            "Microsoft Teams Rooms",
            "Microsoft 365 Admin Center",
            "Microsoft 365 Security Center",
            "Microsoft 365 Compliance Center",
            "Microsoft 365 Message Center",
            "Microsoft 365 Service Health",
            "Microsoft 365 Roadmap",
            "Microsoft 365 Network Connectivity",
            "Microsoft 365 FastTrack",
            "Microsoft 365 Learning Pathways",
            "Microsoft 365 Adoption",
            "Microsoft 365 Certifications",
            "Microsoft 365 Developer Program",
            "Microsoft 365 Insider Program",
            "Microsoft 365 for Education",
            "Microsoft 365 for Government",
            "Microsoft 365 for Nonprofits",
            "Microsoft 365 Business Voice",
            "Microsoft 365 Business Central",
            "Microsoft 365 Customer Voice",
            "Microsoft 365 Project",
            "Microsoft 365 Endpoint Data Loss Prevention",
            "Microsoft Search",
            "Microsoft Forms Pro",
            "Microsoft Dynamics 365",
            "Microsoft Azure Information Protection",
            "Microsoft Defender Advanced Threat Protection",
            "Microsoft Threat Protection",
            "Microsoft Secure Score",
            "Microsoft Compliance Score",
            "Microsoft 365 Groups naming policy",
            "Microsoft 365 Groups expiration policy",
            "Microsoft 365 Groups creation policy",
            "Microsoft 365 Data Loss Prevention",
            "Microsoft 365 eDiscovery",
            "Microsoft 365 Retention policies",
            "Microsoft 365 Sensitivity labels",
            "Microsoft 365 Information barriers",
            "Microsoft 365 Communication compliance",
            "Microsoft 365 Insider risk management",
            "Microsoft 365 Records management",
            "Microsoft 365 Data subject requests",
            "Microsoft 365 Auditing",
            "Microsoft 365 Alert policies",
            "Microsoft 365 Service assurance",
            "Microsoft 365 Encryption",
            "Microsoft 365 Multi-geo capabilities",
            "Microsoft 365 Data residency",
            "Microsoft 365 Hybrid deployments",
            "Microsoft 365 Identity synchronization",
            "Microsoft 365 Single Sign-On",
            "Microsoft 365 Self-service password reset",
            "Microsoft 365 Privileged Identity Management",
            "Microsoft 365 Access reviews",
            "Microsoft 365 Entitlement management",
            "Microsoft 365 Terms of use",
            "Microsoft 365 Identity governance"
          ]
        },
        {
          "category": "Security, Compliance, Privacy, and Trust in Microsoft 365",
          "weight": "30-35%",
          "proficiency_levels": [
            "Basic",
            "Intermediate",
            "Advanced"
          ],
          "keywords": [
            "named entity recognition for sensitive data detection",
            "sentiment analysis for insider threat detection",
            "text classification for security policy compliance",
            "topic modeling for data governance documentation",
            "language detection for global compliance monitoring",
            "machine translation for cross-border data compliance",
            "information extraction for audit log analysis",
            "question answering for compliance queries",
            "text clustering for threat intelligence",
            "word embedding for security event correlation",
            "part-of-speech tagging for policy interpretation",
            "dependency parsing for access control rules",
            "coreference resolution for incident report analysis",
            "discourse analysis for communication compliance",
            "language modeling for phishing detection",
            "sequence labeling for data classification",
            "word sense disambiguation for context-aware security",
            "semantic role labeling for permission management",
            "text generation for automated compliance reports",
            "dialogue systems for security awareness training",
            "speech recognition for voice-based authentication",
            "text-to-speech for accessibility in security interfaces",
            "optical character recognition for document security scanning",
            "intent recognition in user activity monitoring",
            "entity linking for threat actor identification",
            "relation extraction for security event analysis",
            "aspect-based sentiment analysis for user feedback on security measures",
            "stance detection for policy violation assessment",
            "text normalization for log file preprocessing",
            "lexical analysis for security policy parsing",
            "morphological analysis for password strength evaluation",
            "syntactic parsing for natural language policy creation",
            "semantic parsing for automated policy enforcement",
            "pragmatic analysis for context-aware access decisions",
            "anaphora resolution for security incident narratives",
            "textual entailment for compliance verification",
            "paraphrase detection for policy similarity checking",
            "machine reading comprehension for automated audit responses",
            "text style transfer for policy localization",
            "language grounding for physical security systems",
            "multimodal nlp for multifactor authentication",
            "cross-lingual nlp for global security operations",
            "zero-shot learning for emerging threat detection",
            "few-shot learning for rapid security policy adaptation",
            "transfer learning in security anomaly detection",
            "active learning for adaptive access control",
            "reinforcement learning in intrusion detection systems",
            "adversarial nlp for security vulnerability testing",
            "explainable nlp for security decision justification",
            "domain adaptation for industry-specific compliance",
            "neural machine translation for policy internationalization",
            "abstractive summarization for security briefings",
            "extractive summarization for incident reports",
            "keyphrase extraction for policy document indexing",
            "text segmentation for log file analysis",
            "text simplification for user-friendly security policies",
            "grammatical error correction in security documentation",
            "natural language inference for policy compliance checking",
            "automatic speech recognition for voice command security",
            "speaker diarization for multi-user system interactions",
            "emotion recognition in security alert systems",
            "sarcasm detection in internal communications monitoring",
            "irony detection in threat intelligence",
            "fake news detection for information security",
            "rumor detection in organizational networks",
            "authorship attribution for insider threat investigation",
            "text readability assessment for security documentation",
            "dialogue act classification for security chatbots",
            "dialogue state tracking for interactive security training",
            "conversational ai for security helpdesk automation",
            "chatbot development for self-service security support",
            "natural language generation for customized security alerts",
            "text-to-sql for security database queries",
            "code generation from natural language security requirements",
            "natural language to security rule conversion",
            "code summarization for security patch descriptions",
            "bug report analysis for security vulnerability triage",
            "Microsoft 365 security",
            "Compliance features",
            "Identity protection",
            "Microsoft 365 security",
            "Compliance features",
            "Identity protection",
            "Governance",
            "Risk management",
            "Multi-Factor Authentication (MFA)",
            "Azure Active Directory (Azure AD)",
            "Data Loss Prevention (DLP)",
            "Conditional Access",
            "Security policies",
            "Encryption",
            "Information Protection",
            "Mobile Device Management (MDM)",
            "Microsoft Defender",
            "Advanced Threat Protection (ATP)",
            "Microsoft Information Protection (MIP)",
            "Unified labeling",
            "eDiscovery",
            "Retention policies",
            "Data governance",
            "Insider risk management",
            "Zero Trust security",
            "Compliance Manager",
            "Microsoft Cloud App Security",
            "Conditional Access policies",
            "Privileged Identity Management (PIM)",
            "Azure Identity Protection",
            "Sensitivity labels",
            "Security and Compliance Center",
            "Audit logs",
            "Advanced auditing",
            "Security baselines",
            "Microsoft 365 Defender",
            "Cloud App Security",
            "Threat intelligence",
            "Governance policies",
            "Secure Score",
            "Role-based access control (RBAC)",
            "Azure Security Center",
            "Microsoft Trust Center",
            "Service trust portal",
            "Compliance assessments",
            "Third-party risk management",
            "Compliance score",
            "Access control",
            "Dynamic membership",
            "User risk policies",
            "Session control",
            "Risk-based Conditional Access",
            "Authentication methods",
            "Passwordless authentication",
            "Identity governance",
            "Compliance solutions",
            "Microsoft 365 privacy settings",
            "Data classification",
            "Data discovery",
            "Data mapping",
            "Data subject access requests (DSAR)",
            "Privacy impact assessments",
            "Consent management",
            "Data breach notification",
            "Cross-border data transfers",
            "Privacy by design",
            "Privacy-enhancing technologies",
            "Data minimization",
            "Purpose limitation",
            "Storage limitation",
            "Data accuracy",
            "Accountability principle",
            "Lawful basis for processing",
            "Transparency",
            "Individual rights",
            "Data protection impact assessments",
            "Records of processing activities",
            "Data protection officer",
            "Binding corporate rules",
            "Standard contractual clauses",
            "Privacy shield",
            "GDPR compliance",
            "CCPA compliance",
            "HIPAA compliance",
            "PCI DSS compliance",
            "SOC compliance",
            "ISO 27001 compliance",
            "NIST compliance",
            "FedRAMP compliance",
            "Data residency requirements",
            "Data sovereignty",
            "Cross-tenant access policies",
            "External identities",
            "Guest user access",
            "B2B collaboration",
            "B2C identity management",
            "Identity federation",
            "Single sign-on (SSO)",
            "Just-in-time access",
            "Least privilege principle",
            "Separation of duties",
            "Endpoint security",
            "Network security",
            "Cloud security",
            "Application security",
            "Data security",
            "Identity security",
            "Security information and event management (SIEM)",
            "Security orchestration, automation and response (SOAR)",
            "Threat hunting",
            "Incident response",
            "Forensics",
            "Penetration testing",
            "Vulnerability management",
            "Patch management",
            "Asset management",
            "Configuration management",
            "Change management",
            "Business continuity",
            "Disaster recovery",
            "Backup and restore",
            "High availability",
            "Resilience",
            "Compliance reporting",
            "Regulatory reporting",
            "Audit readiness",
            "Continuous compliance monitoring",
            "Risk assessments",
            "Control frameworks",
            "Policy management",
            "Training and awareness",
            "Natural language processing (NLP)",
            "Text classification for security threats",
            "Named entity recognition for sensitive data",
            "Sentiment analysis for insider risk",
            "Intent recognition in user activities",
            "Topic modeling for compliance documents",
            "Text summarization for security reports",
            "Language detection for global compliance",
            "Machine translation for cross-border data governance",
            "Information extraction for audit logs",
            "Question answering for compliance queries",
            "Text clustering for threat intelligence",
            "Anomaly detection in user behavior",
            "Entity extraction for personally identifiable information (PII)",
            "Document classification for data governance",
            "Text similarity for policy matching",
            "Semantic search for compliance documentation",
            "Chatbots for security awareness training",
            "Speech recognition for voice-based authentication",
            "Text-to-speech for accessibility in security interfaces",
            "Sentiment analysis for user feedback on security measures",
            "Natural language generation for automated compliance reports",
            "Dialogue systems for interactive security training",
            "Text preprocessing for log analysis",
            "Word embedding for security threat detection",
            "Parsing techniques for policy enforcement",
            "Coreference resolution for audit trail analysis",
            "Discourse analysis for communication compliance",
            "Language modeling for phishing detection",
            "Sequence labeling for data classification",
            "Dependency parsing for policy interpretation",
            "Word sense disambiguation for context-aware security",
            "Language understanding for voice-controlled security features",
            "Contextual analysis for adaptive access controls",
            "Semantic role labeling for permission management",
            "Governance",
            "Risk management",
            "Multi-Factor Authentication (MFA)",
            "Azure Active Directory (Azure AD)",
            "Data Loss Prevention (DLP)",
            "Conditional Access",
            "Security policies",
            "Encryption",
            "Information Protection",
            "Mobile Device Management (MDM)",
            "Microsoft Defender",
            "Advanced Threat Protection (ATP)",
            "Microsoft Information Protection (MIP)",
            "Unified labeling",
            "eDiscovery",
            "Retention policies",
            "Data governance",
            "Insider risk management",
            "Zero Trust security",
            "Compliance Manager",
            "Microsoft Cloud App Security",
            "Conditional Access policies",
            "Privileged Identity Management (PIM)",
            "Azure Identity Protection",
            "Sensitivity labels",
            "Security and Compliance Center",
            "Audit logs",
            "Advanced auditing",
            "Security baselines",
            "Microsoft 365 Defender",
            "Cloud App Security",
            "Threat intelligence",
            "Governance policies",
            "Secure Score",
            "Role-based access control (RBAC)",
            "Azure Security Center",
            "Microsoft Trust Center",
            "Service trust portal",
            "Compliance assessments",
            "Third-party risk management",
            "Compliance score",
            "Access control",
            "Conditional Access policies",
            "Dynamic membership",
            "User risk policies",
            "Session control",
            "Risk-based Conditional Access",
            "Authentication methods",
            "Passwordless authentication",
            "Identity governance",
            "Compliance solutions",
            "Microsoft 365 privacy settings",
            "Microsoft 365 security",
            "Compliance features",
            "Identity protection",
            "Governance",
            "Risk management",
            "Multi-Factor Authentication (MFA)",
            "Azure Active Directory (Azure AD)",
            "Data Loss Prevention (DLP)",
            "Conditional Access",
            "Security policies",
            "Encryption",
            "Information Protection",
            "Mobile Device Management (MDM)",
            "Microsoft Defender",
            "Advanced Threat Protection (ATP)",
            "Microsoft Information Protection (MIP)",
            "Unified labeling",
            "eDiscovery",
            "Retention policies",
            "Data governance",
            "Insider risk management",
            "Zero Trust security",
            "Compliance Manager",
            "Microsoft Cloud App Security",
            "Conditional Access policies",
            "Privileged Identity Management (PIM)",
            "Azure Identity Protection",
            "Sensitivity labels",
            "Security and Compliance Center",
            "Audit logs",
            "Advanced auditing",
            "Security baselines",
            "Microsoft 365 Defender",
            "Cloud App Security",
            "Threat intelligence",
            "Governance policies",
            "Secure Score",
            "Role-based access control (RBAC)",
            "Azure Security Center",
            "Microsoft Trust Center",
            "Service trust portal",
            "Compliance assessments",
            "Third-party risk management",
            "Compliance score",
            "Access control",
            "Dynamic membership",
            "User risk policies",
            "Session control",
            "Risk-based Conditional Access",
            "Authentication methods",
            "Passwordless authentication",
            "Identity governance",
            "Compliance solutions",
            "Microsoft 365 privacy settings",
            "Data classification",
            "Data discovery",
            "Data mapping",
            "Data subject access requests (DSAR)",
            "Privacy impact assessments",
            "Consent management",
            "Data breach notification",
            "Cross-border data transfers",
            "Privacy by design",
            "Privacy-enhancing technologies",
            "Data minimization",
            "Purpose limitation",
            "Storage limitation",
            "Data accuracy",
            "Accountability principle",
            "Lawful basis for processing",
            "Transparency",
            "Individual rights",
            "Data protection impact assessments",
            "Records of processing activities",
            "Data protection officer",
            "Binding corporate rules",
            "Standard contractual clauses",
            "Privacy shield",
            "GDPR compliance",
            "CCPA compliance",
            "HIPAA compliance",
            "PCI DSS compliance",
            "SOC compliance",
            "ISO 27001 compliance",
            "NIST compliance",
            "FedRAMP compliance",
            "Data residency requirements",
            "Data sovereignty",
            "Cross-tenant access policies",
            "External identities",
            "Guest user access",
            "B2B collaboration",
            "B2C identity management",
            "Identity federation",
            "Single sign-on (SSO)",
            "Just-in-time access",
            "Least privilege principle",
            "Separation of duties",
            "Endpoint security",
            "Network security",
            "Cloud security",
            "Application security",
            "Data security",
            "Identity security",
            "Security information and event management (SIEM)",
            "Security orchestration, automation and response (SOAR)",
            "Threat hunting",
            "Incident response",
            "Forensics",
            "Penetration testing",
            "Vulnerability management",
            "Patch management",
            "Asset management",
            "Configuration management",
            "Change management",
            "Business continuity",
            "Disaster recovery",
            "Backup and restore",
            "High availability",
            "Resilience",
            "Compliance reporting",
            "Regulatory reporting",
            "Audit readiness",
            "Continuous compliance monitoring",
            "Risk assessments",
            "Control frameworks",
            "Policy management",
            "Training and awareness"
          ]
        },
        {
          "category": "Microsoft 365 Pricing and Support",
          "weight": "25-30%",
          "proficiency_levels": [
            "Basic",
            "Intermediate",
            "Advanced"
          ],
          "keywords": [
            "Microsoft 365 subscriptions",
            "billing management",
            "Microsoft 365 licensing",
            "license types",
            "user-based licensing",
            "device-based licensing",
            "Microsoft 365 plans",
            "Microsoft 365 Business Basic",
            "Microsoft 365 Business Standard",
            "Microsoft 365 Business Premium",
            "Microsoft 365 E3",
            "Microsoft 365 E5",
            "enterprise plans",
            "Microsoft 365 personal plans",
            "subscription renewal",
            "auto-renewal",
            "trial subscriptions",
            "Microsoft 365 pricing",
            "service level agreements",
            "SLA terms",
            "service uptime",
            "service availability",
            "downtime guarantees",
            "financially backed SLA",
            "service credits",
            "support options",
            "Microsoft 365 support tiers",
            "self-help resources",
            "technical support",
            "24/7 support",
            "billing support",
            "Premier support",
            "Advanced Support for Partners",
            "support escalation",
            "ticket submission",
            "support incident",
            "support resolution times",
            "online support",
            "community support",
            "Microsoft 365 admin center",
            "support portal",
            "customer service",
            "support lifecycle",
            "service subscription management",
            "account management",
            "partner-based support",
            "support agreements",
            "service status dashboard",
            "incident reporting",
            "support contracts",
            "license activation",
            "multi-geo pricing",
            "global pricing",
            "Azure consumption pricing",
            "enterprise mobility pricing",
            "volume licensing agreements",
            "Microsoft 365 subscriptions",
            "billing management",
            "Microsoft 365 licensing",
            "license types",
            "user-based licensing",
            "device-based licensing",
            "Microsoft 365 plans",
            "Microsoft 365 Business Basic",
            "Microsoft 365 Business Standard",
            "Microsoft 365 Business Premium",
            "Microsoft 365 E3",
            "Microsoft 365 E5",
            "enterprise plans",
            "Microsoft 365 personal plans",
            "subscription renewal",
            "auto-renewal",
            "trial subscriptions",
            "Microsoft 365 pricing",
            "service level agreements",
            "SLA terms",
            "service uptime",
            "service availability",
            "downtime guarantees",
            "financially backed SLA",
            "service credits",
            "support options",
            "Microsoft 365 support tiers",
            "self-help resources",
            "technical support",
            "24/7 support",
            "billing support",
            "Premier support",
            "Advanced Support for Partners",
            "support escalation",
            "ticket submission",
            "support incident",
            "support resolution times",
            "online support",
            "community support",
            "Microsoft 365 admin center",
            "support portal",
            "customer service",
            "support lifecycle",
            "service subscription management",
            "account management",
            "partner-based support",
            "support agreements",
            "service status dashboard",
            "incident reporting",
            "support contracts",
            "license activation",
            "multi-geo pricing",
            "global pricing",
            "Azure consumption pricing",
            "enterprise mobility pricing",
            "volume licensing agreements",
            "Microsoft 365 F1",
            "Microsoft 365 F3",
            "Microsoft 365 E1",
            "Microsoft 365 A1",
            "Microsoft 365 A3",
            "Microsoft 365 A5",
            "Microsoft 365 G3",
            "Microsoft 365 G5",
            "Microsoft 365 Nonprofit",
            "Microsoft 365 Education",
            "Microsoft 365 Developer",
            "Microsoft 365 Home",
            "Microsoft 365 Family",
            "Office 365 ProPlus",
            "Microsoft 365 Apps for enterprise",
            "Microsoft 365 Apps for business",
            "add-on licenses",
            "step-up licenses",
            "hybrid licensing",
            "Cloud Solution Provider (CSP) program",
            "Enterprise Agreement (EA)",
            "Microsoft Products and Services Agreement (MPSA)",
            "Select Plus agreement",
            "Open License program",
            "Microsoft Online Subscription Agreement (MOSA)",
            "seat-based subscriptions",
            "consumption-based pricing",
            "pay-as-you-go pricing",
            "reserved instances",
            "Microsoft 365 subscriptions",
            "billing management",
            "Microsoft 365 licensing",
            "license types",
            "user-based licensing",
            "device-based licensing",
            "Microsoft 365 plans",
            "Microsoft 365 Business Basic",
            "Microsoft 365 Business Standard",
            "Microsoft 365 Business Premium",
            "Microsoft 365 E3",
            "Microsoft 365 E5",
            "enterprise plans",
            "Microsoft 365 personal plans",
            "subscription renewal",
            "auto-renewal",
            "trial subscriptions",
            "Microsoft 365 pricing",
            "service level agreements",
            "SLA terms",
            "service uptime",
            "service availability",
            "downtime guarantees",
            "financially backed SLA",
            "service credits",
            "support options",
            "Microsoft 365 support tiers",
            "self-help resources",
            "technical support",
            "24/7 support",
            "billing support",
            "Premier support",
            "Advanced Support for Partners",
            "support escalation",
            "ticket submission",
            "support incident",
            "support resolution times",
            "online support",
            "community support",
            "Microsoft 365 admin center",
            "support portal",
            "customer service",
            "support lifecycle",
            "service subscription management",
            "account management",
            "partner-based support",
            "support agreements",
            "service status dashboard",
            "incident reporting",
            "support contracts",
            "license activation",
            "multi-geo pricing",
            "global pricing",
            "Azure consumption pricing",
            "enterprise mobility pricing",
            "volume licensing agreements",
            "Microsoft 365 F1",
            "Microsoft 365 F3",
            "Microsoft 365 E1",
            "Microsoft 365 A1",
            "Microsoft 365 A3",
            "Microsoft 365 A5",
            "Microsoft 365 G3",
            "Microsoft 365 G5",
            "Microsoft 365 Nonprofit",
            "Microsoft 365 Education",
            "Microsoft 365 Developer",
            "Microsoft 365 Home",
            "Microsoft 365 Family",
            "Office 365 ProPlus",
            "Microsoft 365 Apps for enterprise",
            "Microsoft 365 Apps for business",
            "add-on licenses",
            "step-up licenses",
            "hybrid licensing",
            "Cloud Solution Provider (CSP) program",
            "Enterprise Agreement (EA)",
            "Microsoft Products and Services Agreement (MPSA)",
            "Select Plus agreement",
            "Open License program",
            "Microsoft Online Subscription Agreement (MOSA)",
            "seat-based subscriptions",
            "consumption-based pricing",
            "pay-as-you-go pricing",
            "reserved instances",
            "billing cycles",
            "prorated billing",
            "billing currency",
            "tax exemption",
            "invoice management",
            "payment methods",
            "credit card billing",
            "wire transfer",
            "direct debit",
            "budget billing",
            "cost allocation",
            "charge-back models",
            "subscription transfers",
            "license reassignment",
            "license pool management",
            "group-based licensing",
            "per-user pricing",
            "per-device pricing",
            "tiered pricing",
            "volume discounts",
            "commitment-based pricing",
            "true-up process",
            "subscription suspension",
            "subscription cancellation",
            "refund policies",
            "price protection",
            "price list",
            "quote generation",
            "cost estimation tools",
            "TCO calculators",
            "ROI analysis",
            "competitive pricing",
            "price matching",
            "promotional pricing",
            "educational pricing",
            "government pricing",
            "nonprofit discounts",
            "partner discounts",
            "Microsoft FastTrack",
            "deployment support",
            "migration support",
            "adoption support",
            "training resources",
            "Microsoft Learn",
            "Microsoft Docs",
            "knowledge base articles",
            "troubleshooting guides",
            "support forums",
            "user groups",
            "Microsoft MVP program",
            "natural language understanding",
            "text classification",
            "named entity recognition",
            "sentiment analysis",
            "topic modeling",
            "text summarization",
            "language detection",
            "machine translation",
            "information extraction",
            "question answering",
            "text clustering",
            "word embedding",
            "part-of-speech tagging",
            "dependency parsing",
            "coreference resolution",
            "discourse analysis",
            "language modeling",
            "sequence labeling",
            "word sense disambiguation",
            "semantic role labeling",
            "text generation",
            "dialogue systems",
            "speech recognition",
            "text-to-speech",
            "optical character recognition",
            "intent recognition",
            "entity linking",
            "relation extraction",
            "aspect-based sentiment analysis",
            "stance detection",
            "text normalization",
            "lexical analysis",
            "morphological analysis",
            "syntactic parsing",
            "semantic parsing",
            "pragmatic analysis",
            "anaphora resolution",
            "textual entailment",
            "paraphrase detection",
            "machine reading comprehension",
            "text style transfer",
            "language grounding",
            "multimodal nlp",
            "cross-lingual nlp",
            "zero-shot learning",
            "few-shot learning",
            "transfer learning in nlp",
            "active learning for nlp",
            "reinforcement learning in nlp",
            "adversarial nlp",
            "explainable nlp",
            "domain adaptation",
            "neural machine translation",
            "abstractive summarization",
            "extractive summarization",
            "keyphrase extraction",
            "text segmentation",
            "text simplification",
            "grammatical error correction",
            "natural language inference",
            "automatic speech recognition",
            "speaker diarization",
            "emotion recognition",
            "sarcasm detection",
            "irony detection",
            "fake news detection",
            "rumor detection",
            "authorship attribution",
            "text readability assessment",
            "language generation",
            "dialogue act classification",
            "dialogue state tracking",
            "conversational ai",
            "chatbot development",
            "natural language generation",
            "text-to-sql",
            "code generation from natural language",
            "natural language to code",
            "code summarization",
            "bug report analysis",
            "Microsoft Certified Trainers",
            "Microsoft 365 subscriptions",
            "billing management",
            "Microsoft 365 licensing",
            "license types",
            "user-based licensing",
            "device-based licensing",
            "Microsoft 365 plans",
            "Microsoft 365 Business Basic",
            "Microsoft 365 Business Standard",
            "Microsoft 365 Business Premium",
            "Microsoft 365 E3",
            "Microsoft 365 E5",
            "enterprise plans",
            "Microsoft 365 personal plans",
            "subscription renewal",
            "auto-renewal",
            "trial subscriptions",
            "Microsoft 365 pricing",
            "service level agreements",
            "SLA terms",
            "service uptime",
            "service availability",
            "downtime guarantees",
            "financially backed SLA",
            "service credits",
            "support options",
            "Microsoft 365 support tiers",
            "self-help resources",
            "technical support",
            "24/7 support",
            "billing support",
            "Premier support",
            "Advanced Support for Partners",
            "support escalation",
            "ticket submission",
            "support incident",
            "support resolution times",
            "online support",
            "community support",
            "Microsoft 365 admin center",
            "support portal",
            "customer service",
            "support lifecycle",
            "service subscription management",
            "account management",
            "partner-based support",
            "support agreements",
            "service status dashboard",
            "incident reporting",
            "support contracts",
            "license activation",
            "multi-geo pricing",
            "global pricing",
            "Azure consumption pricing",
            "enterprise mobility pricing",
            "volume licensing agreements",
            "Microsoft 365 F1",
            "Microsoft 365 F3",
            "Microsoft 365 E1",
            "Microsoft 365 A1",
            "Microsoft 365 A3",
            "Microsoft 365 A5",
            "Microsoft 365 G3",
            "Microsoft 365 G5",
            "Microsoft 365 Nonprofit",
            "Microsoft 365 Education",
            "Microsoft 365 Developer",
            "Microsoft 365 Home",
            "Microsoft 365 Family",
            "Office 365 ProPlus",
            "Microsoft 365 Apps for enterprise",
            "Microsoft 365 Apps for business",
            "add-on licenses",
            "step-up licenses",
            "hybrid licensing",
            "Cloud Solution Provider (CSP) program",
            "Enterprise Agreement (EA)",
            "Microsoft Products and Services Agreement (MPSA)",
            "Select Plus agreement",
            "Open License program",
            "Microsoft Online Subscription Agreement (MOSA)",
            "seat-based subscriptions",
            "consumption-based pricing",
            "pay-as-you-go pricing",
            "reserved instances",
            "billing cycles",
            "prorated billing",
            "billing currency",
            "tax exemption",
            "invoice management",
            "payment methods",
            "credit card billing",
            "wire transfer",
            "direct debit",
            "budget billing",
            "cost allocation",
            "charge-back models",
            "subscription transfers",
            "license reassignment",
            "license pool management",
            "group-based licensing",
            "per-user pricing",
            "per-device pricing",
            "tiered pricing",
            "volume discounts",
            "commitment-based pricing",
            "true-up process",
            "subscription suspension",
            "subscription cancellation",
            "refund policies",
            "price protection",
            "price list",
            "quote generation",
            "cost estimation tools",
            "TCO calculators",
            "ROI analysis",
            "competitive pricing",
            "price matching",
            "promotional pricing",
            "educational pricing",
            "government pricing",
            "nonprofit discounts",
            "partner discounts",
            "Microsoft FastTrack",
            "deployment support",
            "migration support",
            "adoption support",
            "training resources",
            "Microsoft Learn",
            "Microsoft Docs",
            "knowledge base articles",
            "troubleshooting guides",
            "support forums",
            "user groups",
            "Microsoft MVP program",
            "Microsoft Certified Trainers",
            "license assignment",
            "user provisioning",
            "bulk licensing",
            "license reporting",
            "subscription management portal",
            "service health status",
            "support ticket tracking",
            "escalation procedures",
            "phone support",
            "chat support",
            "remote troubleshooting",
            "service diagnostics",
            "billing reconciliation",
            "usage reports",
            "cost optimization recommendations",
            "license compliance",
            "renewal notifications",
            "support request prioritization",
            "self-service portal",
            "knowledge base search"
          ]
        }
      ]
    },
    {
      "certification": "PL-900 Microsoft Power Platform Fundamentals",
      "categories": [
        {
          "category": "Describe the business value of Power Platform",
          "weight": "20-25%",
          "evaluatedBy": [
            "Microsoft",
            "OnVue"
          ],
          "keywords": [
            "digital transformation",
            "business process automation",
            "data-driven decision making",
            "low-code development",
            "citizen developers",
            "rapid application development",
            "scalability",
            "integration capabilities",
            "cost reduction",
            "productivity improvement",
            "business agility",
            "innovation enablement",
            "cross-platform functionality",
            "mobile-first approach",
            "cloud-based solutions",
            "ai-powered insights",
            "customization options",
            "user adoption",
            "roi calculation",
            "business continuity",
            "data governance",
            "compliance adherence",
            "security features",
            "collaboration tools",
            "workflow optimization",
            "real-time analytics",
            "customer engagement",
            "employee empowerment",
            "operational efficiency",
            "competitive advantage",
            "business intelligence",
            "data visualization",
            "process standardization",
            "resource optimization",
            "change management",
            "digital workplace",
            "business model innovation",
            "customer experience enhancement",
            "data democratization",
            "self-service capabilities",
            "enterprise integration",
            "legacy system modernization",
            "agile methodologies",
            "continuous improvement",
            "data-driven culture",
            "business process modeling",
            "knowledge management",
            "performance metrics",
            "predictive analytics",
            "risk mitigation"
          ]
        },
        {
          "category": "Identify the core components of Power Platform",
          "weight": "15-20%",
          "evaluatedBy": [
            "Microsoft",
            "OnVue"
          ],
          "keywords": [
            "power apps",
            "power automate",
            "power bi",
            "power virtual agents",
            "dataverse",
            "connectors",
            "ai builder",
            "model-driven apps",
            "canvas apps",
            "portals",
            "power apps mobile",
            "flow types",
            "business process flows",
            "ui flows",
            "power bi desktop",
            "power bi service",
            "power bi mobile",
            "data sources",
            "data modeling",
            "data visualization",
            "chatbots",
            "natural language processing",
            "entity relationships",
            "forms and views",
            "business rules",
            "calculated fields",
            "rollup fields",
            "workflows",
            "power apps component framework",
            "custom connectors",
            "api management",
            "azure functions",
            "power apps formulas",
            "dax",
            "m language",
            "power query",
            "dataflows",
            "data integration",
            "data transformation",
            "data refresh",
            "data gateways",
            "row-level security",
            "field-level security",
            "app permissions",
            "environment variables",
            "solution management",
            "app lifecycle management",
            "version control",
            "power platform admin center",
            "power platform cli"
          ]
        },
        {
          "category": "Demonstrate the capabilities of Power Platform",
          "weight": "35-40%",
          "evaluatedBy": [
            "Microsoft",
            "OnVue"
          ],
          "keywords": [
            "app creation",
            "workflow automation",
            "data analysis",
            "report generation",
            "dashboard creation",
            "chatbot development",
            "data modeling",
            "form design",
            "business logic implementation",
            "data integration",
            "mobile app development",
            "responsive design",
            "data visualization techniques",
            "kpi monitoring",
            "process automation",
            "approval workflows",
            "scheduled flows",
            "triggered flows",
            "data transformation",
            "data cleansing",
            "data extraction",
            "natural language query",
            "ai model training",
            "predictive analytics",
            "sentiment analysis",
            "image recognition",
            "text analytics",
            "custom visuals",
            "interactive reports",
            "data alerts",
            "data export",
            "data import",
            "data security",
            "role-based access control",
            "data encryption",
            "audit logging",
            "compliance reporting",
            "performance optimization",
            "error handling",
            "exception management",
            "user interface design",
            "user experience optimization",
            "accessibility features",
            "localization",
            "internationalization",
            "cross-platform compatibility",
            "offline capabilities",
            "data synchronization",
            "real-time collaboration",
            "version history"
          ]
        },
        {
          "category": "Describe the use cases of Power Platform services",
          "weight": "25-30%",
          "evaluatedBy": [
            "Microsoft",
            "OnVue"
          ],
          "keywords": [
            "customer relationship management",
            "inventory management",
            "project management",
            "human resources",
            "finance and accounting",
            "sales automation",
            "marketing automation",
            "customer service",
            "field service",
            "supply chain management",
            "asset management",
            "quality control",
            "compliance tracking",
            "event management",
            "facility management",
            "it service management",
            "knowledge base creation",
            "employee onboarding",
            "expense management",
            "time tracking",
            "resource allocation",
            "document management",
            "contract management",
            "procurement",
            "risk assessment",
            "incident reporting",
            "performance evaluation",
            "training and development",
            "customer feedback analysis",
            "social media monitoring",
            "product catalog management",
            "order processing",
            "invoice generation",
            "appointment scheduling",
            "task management",
            "lead management",
            "opportunity tracking",
            "competitor analysis",
            "market research",
            "survey creation and analysis",
            "loyalty program management",
            "warranty management",
            "equipment maintenance",
            "energy consumption monitoring",
            "environmental compliance",
            "health and safety management",
            "patient care management",
            "clinical trials management",
            "grants management",
            "donation tracking"
          ]
        }
      ]
    },
    {
      "certification": "AZ-900: Microsoft Azure Fundamentals",
      "categories": [
        {
          "category": "Describe Cloud Concepts",
          "weight": "10-15%",
          "proficiency_levels": [
            "Basic",
            "Intermediate",
            "Advanced"
          ],
          "keywords": [
            "cloud computing",
            "scalability",
            "elasticity",
            "agility",
            "fault tolerance",
            "disaster recovery",
            "high availability",
            "load balancing",
            "capex",
            "opex",
            "iaas",
            "paas",
            "saas",
            "public cloud",
            "private cloud",
            "hybrid cloud",
            "community cloud",
            "multi-cloud",
            "cloud-native",
            "serverless",
            "pay-as-you-go",
            "metered service",
            "economies of scale",
            "vertical scaling",
            "horizontal scaling",
            "cloud migration",
            "cloud adoption",
            "cloud strategy",
            "cloud security",
            "cloud compliance",
            "cloud governance",
            "cloud service provider",
            "virtualization",
            "containerization",
            "orchestration",
            "microservices",
            "distributed computing",
            "edge computing",
            "fog computing",
            "cloud storage",
            "cloud database",
            "cloud networking",
            "cloud analytics",
            "cloud ai",
            "cloud ml",
            "cloud iot",
            "cloud big data",
            "cloud devops",
            "cloud devsecops",
            "cloud automation",
            "cloud optimization",
            "cloud cost management",
            "cloud performance",
            "cloud sla",
            "cloud redundancy",
            "georeplication",
            "data residency",
            "data sovereignty",
            "shared responsibility model",
            "multi-tenancy",
            "resource pooling",
            "on-demand self-service",
            "rapid elasticity",
            "measured service",
            "cloud bursting",
            "cloud brokerage",
            "cloud marketplace",
            "cloud portal",
            "cloud console",
            "cloud api",
            "cloud sdk",
            "cloud cli",
            "cloud powershell",
            "cloud shell",
            "cloud monitoring",
            "cloud logging",
            "cloud auditing",
            "cloud billing",
            "cloud pricing",
            "cloud tco",
            "cloud roi",
            "cloud vendor lock-in",
            "cloud portability",
            "cloud interoperability",
            "cloud standards",
            "cloud certifications",
            "cloud architecture",
            "cloud design patterns",
            "cloud best practices",
            "cloud reference architecture",
            "cloud operating model",
            "cloud center of excellence",
            "cloud competency center",
            "cloud enablement",
            "cloud transformation",
            "digital transformation",
            "business agility",
            "innovation",
            "time-to-market",
            "global reach",
            "data center",
            "infrastructure modernization",
            "application modernization",
            "legacy systems",
            "hybrid it",
            "cloud-first strategy",
            "mobile-first strategy",
            "cloud wash",
            "shadow it",
            "bring your own device",
            "byod",
            "data gravity",
            "data lake",
            "data warehouse",
            "etl",
            "real-time processing",
            "batch processing",
            "stream processing",
            "event-driven architecture",
            "pub/sub",
            "message queue",
            "api gateway",
            "service mesh",
            "infrastructure as code",
            "gitops",
            "devsecops",
            "shift-left",
            "continuous integration",
            "continuous delivery",
            "continuous deployment",
            "blue-green deployment",
            "canary deployment",
            "a/b testing",
            "feature flags",
            "dark launching",
            "chaos engineering",
            "site reliability engineering",
            "observability",
            "telemetry",
            "distributed tracing",
            "service level objectives",
            "service level indicators",
            "error budgets",
            "capacity planning",
            "demand forecasting",
            "auto-scaling",
            "predictive scaling",
            "reserved instances",
            "spot instances",
            "serverless computing",
            "function as a service",
            "event-driven computing",
            "cloud-native security",
            "zero trust security",
            "identity and access management"
          ]
        }
      ]
    }
  ]
}